Date,AAPL,AMZN,FB,GOOG,NFLX
2018-01-02,41.513580322265625,1189.010009765625,181.4199981689453,1065.0,201.07000732421875
2018-01-03,41.506343841552734,1204.199951171875,184.6699981689453,1082.47998046875,205.0500030517578
2018-01-04,41.69913864135742,1209.5899658203125,184.3300018310547,1086.4000244140625,205.6300048828125
2018-01-05,42.173892974853516,1229.1400146484375,186.85000610351562,1102.22998046875,209.99000549316406
2018-01-08,42.01725387573242,1246.8699951171875,188.27999877929688,1106.93994140625,212.0500030517578
2018-01-09,42.01243209838867,1252.699951171875,187.8699951171875,1106.260009765625,209.30999755859375
2018-01-10,42.0027961730957,1254.3299560546875,187.83999633789062,1102.6099853515625,212.52000427246094
2018-01-11,42.24137878417969,1276.6800537109375,187.77000427246094,1105.52001953125,217.24000549316406
2018-01-12,42.677581787109375,1305.199951171875,179.3699951171875,1122.260009765625,221.22999572753906
2018-01-16,42.46068572998047,1304.8599853515625,178.38999938964844,1121.760009765625,221.52999877929688
2018-01-17,43.16197967529297,1295.0,177.60000610351562,1131.97998046875,217.5
2018-01-18,43.20053482055664,1293.3199462890625,179.8000030517578,1129.7900390625,220.3300018310547
2018-01-19,43.00774383544922,1294.5799560546875,181.2899932861328,1137.510009765625,220.4600067138672
2018-01-22,42.6558952331543,1327.31005859375,185.3699951171875,1155.81005859375,227.5800018310547
2018-01-23,42.665523529052734,1362.5400390625,189.35000610351562,1169.969970703125,250.2899932861328
2018-01-24,41.985931396484375,1357.510009765625,186.5500030517578,1164.239990234375,261.29998779296875
2018-01-25,41.23643493652344,1377.949951171875,187.47999572753906,1170.3699951171875,269.70001220703125
2018-01-26,41.332828521728516,1402.050048828125,190.0,1175.8399658203125,274.6000061035156
2018-01-29,40.4773063659668,1417.6800537109375,185.97999572753906,1175.5799560546875,284.5899963378906
2018-01-30,40.23872375488281,1437.8199462890625,187.1199951171875,1163.68994140625,278.79998779296875
2018-01-31,40.349578857421875,1450.8900146484375,186.88999938964844,1169.93994140625,270.29998779296875
2018-02-01,40.433929443359375,1390.0,193.08999633789062,1167.699951171875,265.07000732421875
2018-02-02,38.67949676513672,1429.949951171875,190.27999877929688,1111.9000244140625,267.42999267578125
2018-02-05,37.71310043334961,1390.0,181.25999450683594,1055.800048828125,254.25999450683594
2018-02-06,39.28919982910156,1442.8399658203125,185.30999755859375,1080.5999755859375,265.7200012207031
2018-02-07,38.4481315612793,1416.780029296875,180.17999267578125,1048.5799560546875,264.55999755859375
2018-02-08,37.39017868041992,1350.5,171.5800018310547,1001.52001953125,250.10000610351562
2018-02-09,37.847511291503906,1339.5999755859375,176.11000061035156,1037.780029296875,249.47000122070312
2018-02-12,39.3719596862793,1386.22998046875,176.41000366210938,1051.93994140625,257.95001220703125
2018-02-13,39.76638412475586,1414.510009765625,173.14999389648438,1052.0999755859375,258.2699890136719
2018-02-14,40.499568939208984,1451.050048828125,179.52000427246094,1069.699951171875,266.0
2018-02-15,41.85947799682617,1461.760009765625,179.9600067138672,1089.52001953125,280.2699890136719
2018-02-16,41.723968505859375,1448.68994140625,177.36000061035156,1094.800048828125,278.5199890136719
2018-02-20,41.58362579345703,1468.3499755859375,176.00999450683594,1102.4599609375,278.54998779296875
2018-02-21,41.39488220214844,1482.9200439453125,177.91000366210938,1111.3399658203125,281.0400085449219
2018-02-22,41.740909576416016,1485.3399658203125,178.99000549316406,1106.6300048828125,278.1400146484375
2018-02-23,42.466835021972656,1500.0,183.2899932861328,1126.7900390625,285.92999267578125
2018-02-26,43.306488037109375,1521.949951171875,184.92999267578125,1143.75,294.1600036621094
2018-02-27,43.16615295410156,1511.97998046875,181.4600067138672,1118.2900390625,290.6099853515625
2018-02-28,43.1008186340332,1512.449951171875,178.32000732421875,1104.72998046875,291.3800048828125
2018-03-01,42.34584045410156,1493.449951171875,175.94000244140625,1069.52001953125,290.3900146484375
2018-03-02,42.638641357421875,1500.25,176.6199951171875,1078.9200439453125,301.04998779296875
2018-03-05,42.786251068115234,1523.6099853515625,180.39999389648438,1090.9300537109375,315.0
2018-03-06,42.74995040893555,1537.6400146484375,179.77999877929688,1095.06005859375,325.2200012207031
2018-03-07,42.353111267089844,1545.0,183.7100067138672,1109.6400146484375,321.1600036621094
2018-03-08,42.815284729003906,1551.8599853515625,182.33999633789062,1126.0,317.0
2018-03-09,43.55088806152344,1578.8900146484375,185.22999572753906,1160.0400390625,331.44000244140625
2018-03-12,43.971927642822266,1598.3900146484375,184.75999450683594,1164.5,321.29998779296875
2018-03-13,43.5484733581543,1588.1800537109375,181.8800048828125,1138.1700439453125,315.8800048828125
2018-03-14,43.178245544433594,1591.0,184.19000244140625,1149.489990234375,321.54998779296875
2018-03-15,43.229061126708984,1582.3199462890625,183.86000061035156,1149.5799560546875,321.0899963378906
2018-03-16,43.076622009277344,1571.6800537109375,185.08999633789062,1135.72998046875,318.45001220703125
2018-03-19,42.4184455871582,1544.9300537109375,172.55999755859375,1099.8199462890625,313.4800109863281
2018-03-20,42.403926849365234,1586.510009765625,168.14999389648438,1097.7099609375,317.5
2018-03-21,41.44327926635742,1581.8599853515625,169.38999938964844,1090.8800048828125,316.4800109863281
2018-03-22,40.857696533203125,1544.9200439453125,164.88999938964844,1049.0799560546875,306.70001220703125
2018-03-23,39.911563873291016,1495.56005859375,159.38999938964844,1021.5700073242188,300.94000244140625
2018-03-26,41.80624771118164,1555.8599853515625,160.05999755859375,1053.2099609375,320.3500061035156
2018-03-27,40.734283447265625,1497.050048828125,152.22000122070312,1005.0999755859375,300.69000244140625
2018-03-28,40.284210205078125,1431.4200439453125,153.02999877929688,1004.5599975585938,285.7699890136719
2018-03-29,40.59878158569336,1447.3399658203125,159.7899932861328,1031.7900390625,295.3500061035156
2018-04-02,40.33260726928711,1371.989990234375,155.38999938964844,1006.469970703125,280.2900085449219
2018-04-03,40.74638748168945,1392.050048828125,156.11000061035156,1013.4099731445312,283.6700134277344
2018-04-04,41.525550842285156,1410.5699462890625,155.10000610351562,1025.1400146484375,288.94000244140625
2018-04-05,41.813499450683594,1451.75,159.33999633789062,1027.81005859375,293.9700012207031
2018-04-06,40.74397277832031,1405.22998046875,157.1999969482422,1007.0399780273438,288.8500061035156
2018-04-09,41.14806365966797,1406.0799560546875,157.92999267578125,1015.4500122070312,289.92999267578125
2018-04-10,41.922393798828125,1436.219970703125,165.0399932861328,1031.6400146484375,298.07000732421875
2018-04-11,41.72639083862305,1427.050048828125,166.32000732421875,1019.969970703125,303.6700134277344
2018-04-12,42.13775634765625,1448.5,163.8699951171875,1032.510009765625,309.25
2018-04-13,42.28050994873047,1430.7900390625,164.52000427246094,1029.27001953125,311.6499938964844
2018-04-16,42.54427719116211,1441.5,164.8300018310547,1037.97998046875,307.7799987792969
2018-04-17,43.129852294921875,1503.8299560546875,168.66000366210938,1074.1600341796875,336.05999755859375
2018-04-18,43.03306198120117,1527.8399658203125,166.36000061035156,1072.0799560546875,334.5199890136719
2018-04-19,41.813499450683594,1556.9100341796875,168.10000610351562,1087.699951171875,332.70001220703125
2018-04-20,40.10030746459961,1527.489990234375,166.27999877929688,1072.9599609375,327.7699890136719
2018-04-23,39.98416519165039,1517.8599853515625,165.83999633789062,1067.449951171875,318.69000244140625
2018-04-24,39.42761993408203,1460.0899658203125,159.69000244140625,1019.97998046875,307.0199890136719
2018-04-25,39.59941482543945,1460.1700439453125,159.69000244140625,1021.1799926757812,305.760009765625
2018-04-26,39.737342834472656,1517.9599609375,174.16000366210938,1040.0400390625,313.9800109863281
2018-04-27,39.277591705322266,1572.6199951171875,173.58999633789062,1030.050048828125,311.760009765625
2018-04-30,39.98899841308594,1566.1300048828125,172.0,1017.3300170898438,312.4599914550781
2018-05-01,40.918182373046875,1582.260009765625,173.86000061035156,1037.31005859375,313.29998779296875
2018-05-02,42.72575378417969,1569.6800537109375,176.07000732421875,1024.3800048828125,313.3599853515625
2018-05-03,42.80318069458008,1572.0799560546875,174.02000427246094,1023.719970703125,311.69000244140625
2018-05-04,44.48249816894531,1580.949951171875,176.61000061035156,1048.2099609375,320.0899963378906
2018-05-07,44.804325103759766,1600.1400146484375,177.97000122070312,1054.7900390625,326.260009765625
2018-05-08,45.01968765258789,1592.3900146484375,178.9199981689453,1053.9100341796875,326.8900146484375
2018-05-09,45.33667755126953,1608.0,182.66000366210938,1082.760009765625,330.29998779296875
2018-05-10,45.98516845703125,1609.0799560546875,185.52999877929688,1097.5699462890625,329.6000061035156
2018-05-11,45.81027603149414,1602.9100341796875,186.99000549316406,1098.260009765625,326.4599914550781
2018-05-14,45.70339584350586,1601.5400390625,186.63999938964844,1100.199951171875,328.5299987792969
2018-05-15,45.288028717041016,1576.1199951171875,184.32000732421875,1079.22998046875,326.1300048828125
2018-05-16,45.71067810058594,1587.280029296875,183.1999969482422,1081.77001953125,328.19000244140625
2018-05-17,45.42162322998047,1581.760009765625,183.75999450683594,1078.5899658203125,325.2200012207031
2018-05-18,45.25644302368164,1574.3699951171875,182.67999267578125,1066.3599853515625,324.17999267578125
2018-05-21,45.577083587646484,1585.4599609375,184.49000549316406,1079.5799560546875,331.82000732421875
2018-05-22,45.462913513183594,1581.4000244140625,183.8000030517578,1069.72998046875,331.6199951171875
2018-05-23,45.75441360473633,1601.8599853515625,186.89999389648438,1079.68994140625,344.7200012207031
2018-05-24,45.70339584350586,1603.0699462890625,185.92999267578125,1079.239990234375,349.2900085449219
2018-05-25,45.8078498840332,1610.1500244140625,184.9199981689453,1075.6600341796875,351.2900085449219
2018-05-29,45.64267349243164,1612.8699951171875,185.74000549316406,1060.3199462890625,349.7300109863281
2018-05-30,45.545509338378906,1624.8900146484375,187.6699981689453,1067.800048828125,353.5400085449219
2018-05-31,45.3924674987793,1629.6199951171875,191.77999877929688,1084.989990234375,351.6000061035156
2018-06-01,46.2110710144043,1641.5400390625,193.99000549316406,1119.5,359.92999267578125
2018-06-04,46.59730529785156,1665.27001953125,193.27999877929688,1139.2900390625,361.80999755859375
2018-06-05,46.95680618286133,1696.3499755859375,192.94000244140625,1139.6600341796875,365.79998779296875
2018-06-06,47.11955642700195,1695.75,191.33999633789062,1136.8800048828125,367.45001220703125
2018-06-07,46.993247985839844,1689.300048828125,188.17999267578125,1123.8599853515625,361.3999938964844
2018-06-08,46.56572723388672,1683.989990234375,189.10000610351562,1120.8699951171875,360.57000732421875
2018-06-11,46.45155715942383,1689.1199951171875,191.5399932861328,1129.989990234375,361.45001220703125
2018-06-12,46.70661163330078,1698.75,192.39999389648438,1139.3199462890625,363.8299865722656
2018-06-13,46.32281494140625,1704.8599853515625,192.41000366210938,1134.7900390625,379.92999267578125
2018-06-14,46.347110748291016,1723.8599853515625,196.80999755859375,1152.1199951171875,392.8699951171875
2018-06-15,45.871009826660156,1715.969970703125,195.85000610351562,1152.260009765625,391.9800109863281
2018-06-18,45.846710205078125,1723.7900390625,198.30999755859375,1173.4599609375,390.3999938964844
2018-06-19,45.10584259033203,1734.780029296875,197.49000549316406,1168.06005859375,404.9800109863281
2018-06-20,45.30259704589844,1750.0799560546875,202.0,1169.8399658203125,416.760009765625
2018-06-21,45.04997253417969,1730.219970703125,201.5,1157.6600341796875,415.44000244140625
2018-06-22,44.918792724609375,1715.6700439453125,201.74000549316406,1155.47998046875,411.0899963378906
2018-06-25,44.250797271728516,1663.1500244140625,196.35000610351562,1124.81005859375,384.4800109863281
2018-06-26,44.79977035522461,1691.0899658203125,199.0,1118.4599609375,399.3900146484375
2018-06-27,44.73418426513672,1660.510009765625,195.83999633789062,1103.97998046875,390.3900146484375
2018-06-28,45.0596923828125,1701.449951171875,196.22999572753906,1114.219970703125,395.4200134277344
2018-06-29,44.96494674682617,1699.800048828125,194.32000732421875,1115.6500244140625,391.42999267578125
2018-07-02,45.4677734375,1713.780029296875,197.36000061035156,1127.4599609375,398.17999267578125
2018-07-03,44.6758918762207,1693.9599609375,192.72999572753906,1102.8900146484375,390.5199890136719
2018-07-05,45.03539276123047,1699.72998046875,198.4499969482422,1124.27001953125,398.3900146484375
2018-07-06,45.65966796875,1710.6300048828125,203.22999572753906,1140.1700439453125,408.25
2018-07-09,46.29366683959961,1739.02001953125,204.74000549316406,1154.050048828125,418.9700012207031
2018-07-10,46.23780822753906,1743.0699462890625,203.5399932861328,1152.8399658203125,415.6300048828125
2018-07-11,45.63780975341797,1755.0,202.5399932861328,1153.9000244140625,418.6499938964844
2018-07-12,46.402976989746094,1796.6199951171875,206.9199981689453,1183.47998046875,413.5
2018-07-13,46.47584533691406,1813.030029296875,207.32000732421875,1188.8199462890625,395.79998779296875
2018-07-16,46.37383270263672,1822.489990234375,207.22999572753906,1183.8599853515625,400.4800109863281
2018-07-17,46.50499725341797,1843.9300537109375,209.99000549316406,1198.800048828125,379.4800109863281
2018-07-18,46.24993896484375,1842.9200439453125,209.36000061035156,1195.8800048828125,375.1300048828125
2018-07-19,46.60945129394531,1812.969970703125,208.08999633789062,1186.9599609375,364.2300109863281
2018-07-20,46.50257873535156,1813.699951171875,209.94000244140625,1184.9100341796875,361.04998779296875
2018-07-23,46.54385757446289,1802.0,210.91000366210938,1205.5,362.6600036621094
2018-07-24,46.88151168823242,1829.239990234375,214.6699981689453,1248.0799560546875,357.32000732421875
2018-07-25,47.323604583740234,1863.6099853515625,217.5,1263.699951171875,362.8699951171875
2018-07-26,47.17543029785156,1808.0,176.25999450683594,1268.3299560546875,363.0899963378906
2018-07-27,46.390830993652344,1817.27001953125,174.88999938964844,1238.5,355.2099914550781
2018-07-30,46.130916595458984,1779.219970703125,171.05999755859375,1219.739990234375,334.9599914550781
2018-07-31,46.22322082519531,1777.43994140625,172.5800018310547,1217.260009765625,337.45001220703125
2018-08-01,48.94623947143555,1797.1700439453125,171.64999389648438,1220.010009765625,338.3800048828125
2018-08-02,50.37697219848633,1834.3299560546875,176.3699951171875,1226.1500244140625,344.5
2018-08-03,50.5227165222168,1823.2900390625,177.77999877929688,1223.7099609375,343.0899963378906
2018-08-06,50.78506088256836,1847.75,185.69000244140625,1224.77001953125,350.9200134277344
2018-08-07,50.308956146240234,1862.47998046875,183.80999755859375,1242.219970703125,351.8299865722656
2018-08-08,50.34297180175781,1886.52001953125,185.17999267578125,1245.6099853515625,347.6099853515625
2018-08-09,50.73891067504883,1898.52001953125,183.08999633789062,1249.0999755859375,349.3599853515625
2018-08-10,50.587772369384766,1886.300048828125,180.25999450683594,1237.6099853515625,345.8699951171875
2018-08-13,50.91440963745117,1896.199951171875,180.0500030517578,1235.010009765625,341.30999755859375
2018-08-14,51.128936767578125,1919.6500244140625,181.11000061035156,1242.0999755859375,337.489990234375
2018-08-15,51.24837112426758,1882.6199951171875,179.52999877929688,1214.3800048828125,326.3999938964844
2018-08-16,51.99916076660156,1886.52001953125,174.6999969482422,1206.489990234375,322.44000244140625
2018-08-17,53.037574768066406,1882.219970703125,173.8000030517578,1200.9599609375,316.7799987792969
2018-08-20,52.52080535888672,1876.7099609375,172.5,1207.77001953125,327.7300109863281
2018-08-21,52.41842269897461,1883.4200439453125,172.6199951171875,1201.6199951171875,338.0199890136719
2018-08-22,52.42086410522461,1904.9000244140625,173.63999938964844,1207.3299560546875,344.44000244140625
2018-08-23,52.52812194824219,1902.9000244140625,172.89999389648438,1205.3800048828125,339.1700134277344
2018-08-24,52.69144058227539,1905.3900146484375,174.64999389648438,1220.6500244140625,358.82000732421875
2018-08-27,53.125328063964844,1927.6800537109375,177.4600067138672,1241.8199462890625,364.5799865722656
2018-08-28,53.554351806640625,1932.8199462890625,176.25999450683594,1231.1500244140625,368.489990234375
2018-08-29,54.3538932800293,1998.0999755859375,175.89999389648438,1249.300048828125,368.0400085449219
2018-08-30,54.853599548339844,2002.3800048828125,177.63999938964844,1239.1199951171875,370.9800109863281
2018-08-31,55.48737716674805,2012.7099609375,175.72999572753906,1218.18994140625,367.67999267578125
2018-09-04,55.66532516479492,2039.510009765625,171.16000366210938,1197.0,363.6000061035156
2018-09-05,55.302127838134766,1994.8199462890625,167.17999267578125,1186.47998046875,341.17999267578125
2018-09-06,54.38314437866211,1958.31005859375,162.52999877929688,1171.43994140625,346.4599914550781
2018-09-07,53.944374084472656,1952.0699462890625,163.0399932861328,1164.8299560546875,348.67999267578125
2018-09-10,53.22039794921875,1939.010009765625,164.17999267578125,1164.6400146484375,348.4100036621094
2018-09-11,54.56597137451172,1987.1500244140625,165.94000244140625,1177.3599853515625,355.92999267578125
2018-09-12,53.888309478759766,1990.0,162.0,1162.8199462890625,369.95001220703125
2018-09-13,55.18999099731445,1989.8699951171875,161.36000061035156,1175.3299560546875,368.1499938964844
2018-09-14,54.56352615356445,1970.18994140625,162.32000732421875,1172.530029296875,364.55999755859375
2018-09-17,53.11071014404297,1908.030029296875,160.5800018310547,1156.050048828125,350.3500061035156
2018-09-18,53.198463439941406,1941.050048828125,160.3000030517578,1161.219970703125,367.6499938964844
2018-09-19,53.23014450073242,1926.4200439453125,163.05999755859375,1171.0899658203125,366.9599914550781
2018-09-20,53.63479995727539,1944.300048828125,166.02000427246094,1186.8699951171875,365.3599853515625
2018-09-21,53.05708312988281,1915.010009765625,162.92999267578125,1166.0899658203125,361.19000244140625
2018-09-24,53.82005310058594,1934.3599853515625,165.41000366210938,1173.3699951171875,369.6099853515625
2018-09-25,54.161319732666016,1974.550048828125,164.91000366210938,1184.6500244140625,369.42999267578125
2018-09-26,53.7298583984375,1974.8499755859375,166.9499969482422,1180.489990234375,377.8800048828125
2018-09-27,54.83409881591797,2012.97998046875,168.83999633789062,1194.6400146484375,380.7099914550781
2018-09-28,55.02667236328125,2003.0,164.4600067138672,1193.469970703125,374.1300048828125
2018-10-01,55.397186279296875,2004.3599853515625,162.44000244140625,1195.31005859375,381.42999267578125
2018-10-02,55.88958740234375,1971.31005859375,159.3300018310547,1200.1099853515625,377.1400146484375
2018-10-03,56.569679260253906,1952.760009765625,162.42999267578125,1202.949951171875,377.04998779296875
2018-10-04,55.57513427734375,1909.4200439453125,158.85000610351562,1168.18994140625,363.6499938964844
2018-10-05,54.673213958740234,1889.6500244140625,157.3300018310547,1157.3499755859375,351.3500061035156
2018-10-08,54.546470642089844,1864.4200439453125,157.25,1148.969970703125,349.1000061035156
2018-10-09,55.302127838134766,1870.3199462890625,157.89999389648438,1138.8199462890625,355.7099914550781
2018-10-10,52.74018478393555,1755.25,151.3800048828125,1081.219970703125,325.8900146484375
2018-10-11,52.27460861206055,1719.3599853515625,153.35000610351562,1079.3199462890625,321.1000061035156
2018-10-12,54.14181900024414,1788.6099853515625,153.74000549316406,1110.0799560546875,339.55999755859375
2018-10-15,52.98394775390625,1760.949951171875,153.52000427246094,1092.25,333.1300048828125
2018-10-16,54.15156555175781,1819.9599609375,158.77999877929688,1121.280029296875,346.3999938964844
2018-10-17,53.91756057739258,1831.72998046875,159.4199981689453,1115.68994140625,364.70001220703125
2018-10-18,52.65730667114258,1770.719970703125,154.9199981689453,1087.969970703125,346.7099914550781
2018-10-19,53.45928192138672,1764.030029296875,154.0500030517578,1096.4599609375,332.6700134277344
2018-10-22,53.78592300415039,1789.300048828125,154.77999877929688,1101.1600341796875,329.5400085449219
2018-10-23,54.29294967651367,1768.699951171875,154.38999938964844,1103.68994140625,333.1600036621094
2018-10-24,52.43061447143555,1664.199951171875,146.0399932861328,1050.7099609375,301.8299865722656
2018-10-25,53.578731536865234,1782.1700439453125,150.9499969482422,1095.5699462890625,312.8699951171875
2018-10-26,52.72556686401367,1642.81005859375,145.3699951171875,1071.469970703125,299.8299865722656
2018-10-29,51.73589324951172,1538.8800048828125,142.08999633789062,1020.0800170898438,284.8399963378906
2018-10-30,51.99428176879883,1530.4200439453125,146.22000122070312,1036.2099609375,285.80999755859375
2018-10-31,53.34959411621094,1598.010009765625,151.7899932861328,1076.77001953125,301.7799987792969
2018-11-01,54.16862869262695,1665.530029296875,151.75,1070.0,317.3800048828125
2018-11-02,50.57558822631836,1665.530029296875,150.35000610351562,1057.7900390625,309.1000061035156
2018-11-05,49.13983154296875,1627.800048828125,148.67999267578125,1040.0899658203125,315.44000244140625
2018-11-06,49.67123794555664,1642.81005859375,149.94000244140625,1055.81005859375,310.8399963378906
2018-11-07,51.177677154541016,1755.489990234375,151.52999877929688,1093.3900146484375,327.5
2018-11-08,50.99911117553711,1754.9100341796875,147.8699951171875,1082.4000244140625,317.9200134277344
2018-11-09,50.015769958496094,1712.4300537109375,144.9600067138672,1066.1500244140625,303.4700012207031
2018-11-12,47.49626922607422,1636.8499755859375,141.5500030517578,1038.6300048828125,294.07000732421875
2018-11-13,47.021724700927734,1631.1700439453125,142.16000366210938,1036.050048828125,294.3999938964844
2018-11-14,45.693485260009766,1599.010009765625,144.22000122070312,1043.6600341796875,286.7300109863281
2018-11-15,46.821144104003906,1619.43994140625,143.85000610351562,1064.7099609375,290.05999755859375
2018-11-16,47.3397216796875,1593.4100341796875,139.52999877929688,1061.489990234375,286.2099914550781
2018-11-19,45.46355056762695,1512.2900390625,131.5500030517578,1020.0,270.6000061035156
2018-11-20,43.29139709472656,1495.4599609375,132.42999267578125,1025.760009765625,266.9800109863281
2018-11-21,43.24247360229492,1516.72998046875,134.82000732421875,1037.6099853515625,262.1300048828125
2018-11-23,42.1441650390625,1502.06005859375,131.72999572753906,1023.8800048828125,258.82000732421875
2018-11-26,42.714111328125,1581.3299560546875,136.3800048828125,1048.6199951171875,261.42999267578125
2018-11-27,42.62116241455078,1581.4200439453125,135.0,1044.4100341796875,266.6300048828125
2018-11-28,44.26006317138672,1677.75,136.75999450683594,1086.22998046875,282.6499938964844
2018-11-29,43.9200439453125,1673.5699462890625,138.67999267578125,1088.300048828125,288.75
2018-11-30,43.682777404785156,1690.1700439453125,140.61000061035156,1094.4300537109375,286.1300048828125
2018-12-03,45.20915222167969,1772.3599853515625,141.08999633789062,1106.4300537109375,290.29998779296875
2018-12-04,43.220458984375,1668.4000244140625,137.92999267578125,1050.8199462890625,275.3299865722656
2018-12-06,42.73857498168945,1699.18994140625,139.6300048828125,1068.72998046875,282.8800048828125
2018-12-07,41.21464538574219,1629.1300048828125,137.4199981689453,1036.5799560546875,265.1400146484375
2018-12-10,41.48616409301758,1641.030029296875,141.85000610351562,1039.550048828125,269.70001220703125
2018-12-11,41.2488899230957,1643.239990234375,142.0800018310547,1051.75,265.32000732421875
2018-12-12,41.363853454589844,1663.5400390625,144.5,1063.6800537109375,274.8800048828125
2018-12-13,41.81638717651367,1658.3800048828125,145.00999450683594,1061.9000244140625,276.0199890136719
2018-12-14,40.47835922241211,1591.9100341796875,144.05999755859375,1042.0999755859375,266.8399963378906
2018-12-17,40.101661682128906,1520.9100341796875,140.19000244140625,1016.530029296875,262.79998779296875
2018-12-18,40.62268829345703,1551.47998046875,143.66000366210938,1028.7099609375,270.94000244140625
2018-12-19,39.3555908203125,1495.0799560546875,133.24000549316406,1023.010009765625,266.7699890136719
2018-12-20,38.362464904785156,1460.8299560546875,133.39999389648438,1009.4099731445312,260.5799865722656
2018-12-21,36.87033462524414,1377.449951171875,124.94999694824219,979.5399780273438,246.38999938964844
2018-12-24,35.91635513305664,1343.9599609375,124.05999755859375,976.219970703125,233.8800048828125
2018-12-26,38.44563674926758,1470.9000244140625,134.17999267578125,1039.4599609375,253.6699981689453
2018-12-27,38.19613265991211,1461.6400146484375,134.52000427246094,1043.8800048828125,255.57000732421875
2018-12-28,38.215702056884766,1478.02001953125,133.1999969482422,1037.0799560546875,256.0799865722656
2018-12-31,38.58506774902344,1501.969970703125,131.08999633789062,1035.6099853515625,267.6600036621094
2019-01-02,38.62909698486328,1539.1300048828125,135.67999267578125,1045.8499755859375,267.6600036621094
2019-01-03,34.78135299682617,1500.280029296875,131.74000549316406,1016.0599975585938,271.20001220703125
2019-01-04,36.266143798828125,1575.3900146484375,137.9499969482422,1070.7099609375,297.57000732421875
2019-01-07,36.185428619384766,1629.510009765625,138.0500030517578,1068.3900146484375,315.3399963378906
2019-01-08,36.87522888183594,1656.5799560546875,142.52999877929688,1076.280029296875,320.2699890136719
2019-01-09,37.501434326171875,1659.4200439453125,144.22999572753906,1074.6600341796875,319.9599914550781
2019-01-10,37.621299743652344,1656.219970703125,144.1999969482422,1070.3299560546875,324.6600036621094
2019-01-11,37.251930236816406,1640.56005859375,143.8000030517578,1057.18994140625,337.5899963378906
2019-01-14,36.6917724609375,1617.2099609375,145.38999938964844,1044.68994140625,332.94000244140625
2019-01-15,37.44273376464844,1674.56005859375,148.9499969482422,1077.1500244140625,354.6400146484375
2019-01-16,37.9001579284668,1683.780029296875,147.5399932861328,1080.969970703125,351.3900146484375
2019-01-17,38.12519454956055,1693.219970703125,148.3000030517578,1089.9000244140625,353.19000244140625
2019-01-18,38.360023498535156,1696.199951171875,150.0399932861328,1098.260009765625,339.1000061035156
2019-01-22,37.49898910522461,1632.1700439453125,147.57000732421875,1070.52001953125,325.1600036621094
2019-01-23,37.65065002441406,1640.02001953125,144.3000030517578,1075.5699462890625,321.989990234375
2019-01-24,37.35221862792969,1654.9300537109375,145.8300018310547,1073.9000244140625,326.6700134277344
2019-01-25,38.589962005615234,1670.5699462890625,149.00999450683594,1090.989990234375,338.04998779296875
2019-01-28,38.232826232910156,1637.8900146484375,147.47000122070312,1070.0799560546875,335.6600036621094
2019-01-29,37.836551666259766,1593.8800048828125,144.19000244140625,1060.6199951171875,328.8999938964844
2019-01-30,40.42210388183594,1670.4300537109375,150.4199981689453,1089.06005859375,340.6600036621094
2019-01-31,40.71318435668945,1718.72998046875,166.69000244140625,1116.3699951171875,339.5
2019-02-01,40.732757568359375,1626.22998046875,165.7100067138672,1110.75,339.8500061035156
2019-02-04,41.8897705078125,1633.31005859375,169.25,1132.800048828125,351.3399963378906
2019-02-05,42.606483459472656,1658.81005859375,171.16000366210938,1145.989990234375,355.80999755859375
2019-02-06,42.62116241455078,1640.260009765625,170.49000549316406,1115.22998046875,352.19000244140625
2019-02-07,41.813941955566406,1614.3699951171875,166.3800048828125,1098.7099609375,344.7099914550781
2019-02-08,41.86307907104492,1588.219970703125,167.3300018310547,1095.06005859375,347.57000732421875
2019-02-11,41.62232208251953,1591.0,165.7899932861328,1095.010009765625,345.7300109863281
2019-02-12,41.98099136352539,1638.010009765625,165.0399932861328,1121.3699951171875,359.9700012207031
2019-02-13,41.80656814575195,1640.0,164.07000732421875,1120.1600341796875,351.7699890136719
2019-02-14,41.958885192871094,1622.6500244140625,163.9499969482422,1121.6700439453125,359.07000732421875
2019-02-15,41.86553192138672,1607.949951171875,162.5,1113.6500244140625,356.8699951171875
2019-02-19,41.990814208984375,1627.5799560546875,162.2899932861328,1118.56005859375,361.9200134277344
2019-02-20,42.261043548583984,1622.0999755859375,162.55999755859375,1113.800048828125,359.9100036621094
2019-02-21,42.02275466918945,1619.43994140625,160.0399932861328,1096.969970703125,356.9700012207031
2019-02-22,42.49196243286133,1631.56005859375,161.88999938964844,1110.3699951171875,363.0199890136719
2019-02-25,42.80149459838867,1633.0,164.6199951171875,1109.4000244140625,363.9100036621094
2019-02-26,42.8260612487793,1636.4000244140625,164.1300048828125,1115.1300048828125,364.9700012207031
2019-02-27,42.95872116088867,1641.0899658203125,162.80999755859375,1116.050048828125,362.8699951171875
2019-02-28,42.53618240356445,1639.8299560546875,161.4499969482422,1119.9200439453125,358.1000061035156
2019-03-01,42.983280181884766,1671.72998046875,162.27999877929688,1140.989990234375,357.32000732421875
2019-03-04,43.19947052001953,1696.1700439453125,167.3699951171875,1147.800048828125,351.0400085449219
2019-03-05,43.120853424072266,1692.4300537109375,171.25999450683594,1162.030029296875,354.29998779296875
2019-03-06,42.87274169921875,1668.949951171875,172.50999450683594,1157.8599853515625,359.6099853515625
2019-03-07,42.37650680541992,1625.949951171875,169.1300048828125,1143.300048828125,352.6000061035156
2019-03-08,42.47722625732422,1620.800048828125,169.60000610351562,1142.3199462890625,349.6000061035156
2019-03-11,43.94873046875,1670.6199951171875,172.07000732421875,1175.760009765625,358.8599853515625
2019-03-12,44.44251251220703,1673.0999755859375,171.9199981689453,1193.199951171875,356.2699890136719
2019-03-13,44.6390380859375,1690.81005859375,173.3699951171875,1193.3199462890625,361.2099914550781
2019-03-14,45.13527297973633,1686.219970703125,170.1699981689453,1185.550048828125,358.82000732421875
2019-03-15,45.7224006652832,1712.3599853515625,165.97999572753906,1184.4599609375,361.4599914550781
2019-03-18,46.18916320800781,1742.1500244140625,160.47000122070312,1184.260009765625,363.44000244140625
2019-03-19,45.82312774658203,1761.8499755859375,161.57000732421875,1198.8499755859375,358.7799987792969
2019-03-20,46.22355651855469,1797.27001953125,165.44000244140625,1223.969970703125,375.2200012207031
2019-03-21,47.92597961425781,1819.260009765625,166.0800018310547,1231.5400390625,377.8699951171875
2019-03-22,46.93351364135742,1764.77001953125,164.33999633789062,1205.5,361.010009765625
2019-03-25,46.366031646728516,1774.260009765625,166.2899932861328,1193.0,366.2300109863281
2019-03-26,45.88699722290039,1783.760009765625,167.67999267578125,1184.6199951171875,359.9700012207031
2019-03-27,46.29970932006836,1765.699951171875,165.8699951171875,1173.02001953125,353.3699951171875
2019-03-28,46.361122131347656,1773.4200439453125,165.5500030517578,1168.489990234375,354.6099853515625
2019-03-29,46.66328811645508,1780.75,166.69000244140625,1173.31005859375,356.55999755859375
2019-04-01,46.980194091796875,1814.18994140625,168.6999969482422,1194.4300537109375,366.9599914550781
2019-04-02,47.66312789916992,1813.97998046875,174.1999969482422,1200.489990234375,367.7200012207031
2019-04-03,47.98986053466797,1820.699951171875,173.5399932861328,1205.9200439453125,369.75
2019-04-04,48.0733757019043,1818.8599853515625,176.02000427246094,1215.0,367.8800048828125
2019-04-05,48.39519119262695,1837.280029296875,175.72000122070312,1207.1500244140625,365.489990234375
2019-04-08,49.156742095947266,1849.8599853515625,174.92999267578125,1203.8399658203125,361.4100036621094
2019-04-09,49.00934600830078,1835.8399658203125,177.5800018310547,1197.25,364.7099914550781
2019-04-10,49.28448486328125,1847.3299560546875,177.82000732421875,1202.1600341796875,363.9200134277344
2019-04-11,48.87423324584961,1844.0699462890625,177.50999450683594,1204.6199951171875,367.6499938964844
2019-04-12,48.85457992553711,1843.06005859375,179.10000610351562,1217.8699951171875,351.1400146484375
2019-04-15,48.943016052246094,1844.8699951171875,179.64999389648438,1221.0999755859375,348.8699951171875
2019-04-16,48.947933197021484,1863.0400390625,178.8699951171875,1227.1300048828125,359.4599914550781
2019-04-17,49.90109634399414,1864.8199462890625,178.77999877929688,1236.3399658203125,354.739990234375
2019-04-18,50.0804328918457,1861.68994140625,178.27999877929688,1236.3699951171875,360.3500061035156
2019-04-22,50.245025634765625,1887.31005859375,181.44000244140625,1248.8399658203125,377.3399963378906
2019-04-23,50.96971893310547,1923.77001953125,183.77999877929688,1264.550048828125,381.8900146484375
2019-04-24,50.891109466552734,1901.75,182.5800018310547,1256.0,374.2300109863281
2019-04-25,50.42927169799805,1902.25,193.25999450683594,1263.449951171875,368.3299865722656
2019-04-26,50.18852233886719,1950.6300048828125,191.49000549316406,1272.1800537109375,374.8500061035156
2019-04-29,50.264678955078125,1938.4300537109375,194.77999877929688,1287.5799560546875,371.8299865722656
2019-04-30,49.29677200317383,1926.52001953125,193.39999389648438,1188.47998046875,370.5400085449219
2019-05-01,51.71653366088867,1911.52001953125,193.02999877929688,1168.0799560546875,378.80999755859375
2019-05-02,51.379974365234375,1900.8199462890625,192.52999877929688,1162.6099853515625,379.05999755859375
2019-05-03,52.01869583129883,1962.4599609375,195.47000122070312,1185.4000244140625,385.0299987792969
2019-05-06,51.21538543701172,1950.550048828125,193.8800048828125,1189.3900146484375,378.6700134277344
2019-05-07,49.834774017333984,1921.0,189.77000427246094,1174.0999755859375,370.4599914550781
2019-05-08,49.8445930480957,1917.77001953125,189.5399932861328,1166.27001953125,364.3699951171875
2019-05-09,49.309051513671875,1899.8699951171875,188.64999389648438,1162.3800048828125,362.75
2019-05-10,48.625953674316406,1889.97998046875,188.33999633789062,1164.27001953125,361.0400085449219
2019-05-13,45.799842834472656,1822.6800537109375,181.5399932861328,1132.030029296875,345.260009765625
2019-05-14,46.524864196777344,1840.1199951171875,180.72999572753906,1120.43994140625,345.6099853515625
2019-05-15,47.08219528198242,1871.1500244140625,186.27000427246094,1164.2099609375,354.989990234375
2019-05-16,46.87504959106445,1907.5699462890625,186.99000549316406,1178.97998046875,359.30999755859375
2019-05-17,46.60871505737305,1869.0,185.3000030517578,1162.300048828125,354.45001220703125
2019-05-20,45.15126419067383,1858.969970703125,182.72000122070312,1138.8499755859375,348.1099853515625
2019-05-21,46.0168571472168,1857.52001953125,184.82000732421875,1149.6300048828125,354.2699890136719
2019-05-22,45.07481384277344,1859.6800537109375,185.32000732421875,1151.4200439453125,359.7300109863281
2019-05-23,44.30540084838867,1815.47998046875,180.8699951171875,1140.77001953125,352.2099914550781
2019-05-24,44.13524627685547,1823.280029296875,181.05999755859375,1133.469970703125,354.3900146484375
2019-05-28,43.952754974365234,1836.4300537109375,184.30999755859375,1134.1500244140625,355.05999755859375
2019-05-29,43.74313735961914,1819.18994140625,182.19000244140625,1116.4599609375,349.19000244140625
2019-05-30,43.97002029418945,1816.3199462890625,183.00999450683594,1117.949951171875,351.8500061035156
2019-05-31,43.17347717285156,1775.0699462890625,177.47000122070312,1103.6300048828125,343.2799987792969
2019-06-03,42.736976623535156,1692.68994140625,164.14999389648438,1036.22998046875,336.6300048828125
2019-06-04,44.30046844482422,1729.56005859375,167.5,1053.050048828125,353.3999938964844
2019-06-05,45.015621185302734,1738.5,168.1699981689453,1042.219970703125,355.7300109863281
2019-06-06,45.676536560058594,1754.3599853515625,168.3300018310547,1044.3399658203125,357.1300048828125
2019-06-07,46.892303466796875,1804.030029296875,173.35000610351562,1066.0400390625,360.8699951171875
2019-06-10,47.49156188964844,1860.6300048828125,174.82000732421875,1080.3800048828125,352.010009765625
2019-06-11,48.0414924621582,1863.699951171875,178.10000610351562,1078.719970703125,351.2699890136719
2019-06-12,47.88860321044922,1855.3199462890625,175.0399932861328,1077.030029296875,345.55999755859375
2019-06-13,47.87873077392578,1870.300048828125,177.47000122070312,1088.77001953125,343.42999267578125
2019-06-14,47.53102111816406,1869.6700439453125,181.3300018310547,1085.3499755859375,339.7300109863281
2019-06-17,47.81462097167969,1886.030029296875,189.00999450683594,1092.5,350.6199951171875
2019-06-18,48.939144134521484,1901.3699951171875,188.47000122070312,1103.5999755859375,357.1199951171875
2019-06-19,48.79611587524414,1908.7900390625,187.47999572753906,1102.3299560546875,363.5199890136719
2019-06-20,49.18821716308594,1918.18994140625,189.52999877929688,1111.4200439453125,365.2099914550781
2019-06-21,49.02052307128906,1911.300048828125,191.13999938964844,1121.8800048828125,369.2099914550781
2019-06-24,48.9712028503418,1913.9000244140625,192.60000610351562,1115.52001953125,371.0400085449219
2019-06-25,48.228919982910156,1878.27001953125,188.83999633789062,1086.3499755859375,360.29998779296875
2019-06-26,49.27206802368164,1897.8299560546875,187.66000366210938,1079.800048828125,362.20001220703125
2019-06-27,49.25727081298828,1904.280029296875,189.5,1076.010009765625,370.0199890136719
2019-06-28,48.808441162109375,1893.6300048828125,193.0,1080.9100341796875,367.32000732421875
2019-07-01,49.70363235473633,1922.18994140625,193.0,1097.949951171875,374.6000061035156
2019-07-02,49.99462127685547,1934.31005859375,195.0,1111.25,375.42999267578125
2019-07-03,50.40892028808594,1939.0,197.1999969482422,1121.5799560546875,381.7200012207031
2019-07-05,50.36452865600586,1942.9100341796875,196.39999389648438,1131.5899658203125,380.54998779296875
2019-07-08,49.326316833496094,1952.3199462890625,195.75999450683594,1116.3499755859375,376.1600036621094
2019-07-09,49.62718200683594,1988.300048828125,199.2100067138672,1124.8299560546875,379.92999267578125
2019-07-10,50.11792755126953,2017.4100341796875,202.72999572753906,1140.47998046875,381.0
2019-07-11,49.75294876098633,2001.0699462890625,201.22999572753906,1144.2099609375,379.5
2019-07-12,50.13519287109375,2011.0,204.8699951171875,1144.9000244140625,373.25
2019-07-15,50.60620880126953,2020.989990234375,203.91000366210938,1150.3399658203125,366.6000061035156
2019-07-16,50.43111801147461,2009.9000244140625,203.83999633789062,1153.5799560546875,365.989990234375
2019-07-17,50.147518157958984,1992.030029296875,201.8000030517578,1146.3499755859375,362.44000244140625
2019-07-18,50.71718215942383,1977.9000244140625,200.77999877929688,1146.3299560546875,325.2099914550781
2019-07-19,49.9600944519043,1964.52001953125,198.36000061035156,1130.0999755859375,315.1000061035156
2019-07-22,51.101890563964844,1985.6300048828125,202.32000732421875,1138.0699462890625,310.6199951171875
2019-07-23,51.50138854980469,1994.489990234375,202.36000061035156,1146.2099609375,307.29998779296875
2019-07-24,51.45947265625,2000.81005859375,204.66000366210938,1137.81005859375,317.94000244140625
2019-07-25,51.05257034301758,1973.8199462890625,200.7100067138672,1132.1199951171875,326.4599914550781
2019-07-26,51.230125427246094,1943.050048828125,199.75,1250.4100341796875,335.7799987792969
2019-07-29,51.70853805541992,1912.449951171875,195.94000244140625,1239.4100341796875,332.70001220703125
2019-07-30,51.48659133911133,1898.530029296875,197.0399932861328,1225.1400146484375,325.92999267578125
2019-07-31,52.537139892578125,1866.780029296875,194.22999572753906,1216.6800537109375,322.989990234375
2019-08-01,51.4002799987793,1855.3199462890625,192.72999572753906,1209.010009765625,319.5
2019-08-02,50.312747955322266,1823.239990234375,189.02000427246094,1193.989990234375,318.8299865722656
2019-08-05,47.67898178100586,1765.1300048828125,181.72999572753906,1152.3199462890625,307.6300048828125
2019-08-06,48.58156204223633,1787.8299560546875,184.50999450683594,1169.949951171875,310.1000061035156
2019-08-07,49.08464050292969,1793.4000244140625,185.14999389648438,1173.989990234375,304.2900085449219
2019-08-08,50.1672477722168,1832.8900146484375,190.16000366210938,1204.800048828125,315.8999938964844
2019-08-09,49.753849029541016,1807.5799560546875,187.85000610351562,1188.010009765625,308.92999267578125
2019-08-12,49.627601623535156,1784.9200439453125,185.3699951171875,1174.7099609375,310.8299865722656
2019-08-13,51.729251861572266,1824.3399658203125,188.4499969482422,1197.27001953125,312.2799987792969
2019-08-14,50.18952560424805,1762.9599609375,179.7100067138672,1164.2900390625,299.1099853515625
2019-08-15,49.93950653076172,1776.1199951171875,182.58999633789062,1167.260009765625,295.760009765625
2019-08-16,51.11781311035156,1792.5699462890625,183.6999969482422,1177.5999755859375,302.79998779296875
2019-08-19,52.07086181640625,1816.1199951171875,186.1699981689453,1198.449951171875,309.3800048828125
2019-08-20,52.07333755493164,1801.3800048828125,183.80999755859375,1182.68994140625,298.989990234375
2019-08-21,52.63773727416992,1823.5400390625,183.5500030517578,1191.25,297.80999755859375
2019-08-22,52.59318161010742,1804.6600341796875,182.0399932861328,1189.530029296875,296.92999267578125
2019-08-23,50.16230010986328,1749.6199951171875,177.75,1151.2900390625,291.44000244140625
2019-08-26,51.11533737182617,1768.8699951171875,180.36000061035156,1168.8900146484375,294.9800109863281
2019-08-27,50.5385627746582,1761.8299560546875,181.3000030517578,1167.8399658203125,291.0299987792969
2019-08-28,50.87770080566406,1764.25,181.75999450683594,1171.02001953125,291.7699890136719
2019-08-29,51.73915100097656,1786.4000244140625,185.57000732421875,1192.8499755859375,296.7799987792969
2019-08-30,51.67231369018555,1776.2900390625,185.6699981689453,1188.0999755859375,293.75
2019-09-03,50.919776916503906,1789.8399658203125,182.38999938964844,1168.3900146484375,289.2900085449219
2019-09-04,51.783714294433594,1800.6199951171875,187.13999938964844,1181.4100341796875,291.5199890136719
2019-09-05,52.79616165161133,1840.719970703125,190.89999389648438,1211.3800048828125,293.25
2019-09-06,52.79121017456055,1833.510009765625,187.49000549316406,1204.9300537109375,290.1700134277344
2019-09-09,53.0164794921875,1831.3499755859375,188.75999450683594,1204.4100341796875,294.3399963378906
2019-09-10,53.64276123046875,1820.550048828125,186.1699981689453,1206.0,287.989990234375
2019-09-11,55.34834289550781,1822.989990234375,188.49000549316406,1220.1700439453125,288.2699890136719
2019-09-12,55.22456741333008,1843.550048828125,187.47000122070312,1234.25,288.8599853515625
2019-09-13,54.150230407714844,1839.3399658203125,187.19000244140625,1239.56005859375,294.1499938964844
2019-09-16,54.43490219116211,1807.8399658203125,186.22000122070312,1231.300048828125,294.2900085449219
2019-09-17,54.63294219970703,1822.550048828125,188.0800018310547,1229.1500244140625,298.6000061035156
2019-09-18,55.14535903930664,1817.4599609375,188.13999938964844,1232.4100341796875,291.55999755859375
2019-09-19,54.697303771972656,1821.5,190.13999938964844,1238.7099609375,286.6000061035156
2019-09-20,53.897727966308594,1794.1600341796875,189.92999267578125,1229.9300537109375,270.75
2019-09-23,54.14280319213867,1785.300048828125,186.82000732421875,1234.030029296875,265.9200134277344
2019-09-24,53.885353088378906,1741.6099853515625,181.27999877929688,1218.760009765625,254.58999633789062
2019-09-25,54.71462631225586,1768.3299560546875,182.8000030517578,1246.52001953125,264.75
2019-09-26,54.432430267333984,1739.8399658203125,180.11000061035156,1241.3900146484375,263.30999755859375
2019-09-27,54.16756057739258,1725.449951171875,177.10000610351562,1225.0899658203125,263.0799865722656
2019-09-30,55.442405700683594,1735.9100341796875,178.0800018310547,1219.0,267.6199951171875
2019-10-01,55.59588623046875,1735.6500244140625,175.80999755859375,1205.0999755859375,269.5799865722656
2019-10-02,54.202213287353516,1713.22998046875,174.60000610351562,1176.6300048828125,268.0299987792969
2019-10-03,54.66264343261719,1724.4200439453125,179.3800048828125,1187.8299560546875,268.1499938964844
2019-10-04,56.194942474365234,1739.6500244140625,180.4499969482422,1209.0,272.7900085449219
2019-10-07,56.20731735229492,1732.6600341796875,179.67999267578125,1207.6800537109375,274.4599914550781
2019-10-08,55.548851013183594,1705.510009765625,177.75,1189.1300048828125,270.7200012207031
2019-10-09,56.199893951416016,1721.989990234375,179.85000610351562,1202.31005859375,267.5299987792969
2019-10-10,56.957374572753906,1720.260009765625,180.02999877929688,1208.6700439453125,280.4800109863281
2019-10-11,58.47234344482422,1731.9200439453125,184.19000244140625,1215.449951171875,282.92999267578125
2019-10-14,58.388179779052734,1736.4300537109375,183.27999877929688,1217.1400146484375,285.5299987792969
2019-10-15,58.25203323364258,1767.3800048828125,188.88999938964844,1243.010009765625,284.25
2019-10-16,58.01686096191406,1777.4300537109375,189.5500030517578,1243.6400146484375,286.2799987792969
2019-10-17,58.242130279541016,1787.47998046875,190.38999938964844,1253.0699462890625,293.3500061035156
2019-10-18,58.52185821533203,1757.510009765625,185.85000610351562,1245.489990234375,275.29998779296875
2019-10-21,59.536781311035156,1785.6600341796875,189.75999450683594,1246.1500244140625,278.04998779296875
2019-10-22,59.400634765625,1765.72998046875,182.33999633789062,1242.800048828125,266.69000244140625
2019-10-23,60.19772720336914,1762.1700439453125,186.14999389648438,1259.1300048828125,271.2699890136719
2019-10-24,60.2967414855957,1780.780029296875,186.3800048828125,1260.989990234375,271.5
2019-10-25,61.03937530517578,1761.3299560546875,187.88999938964844,1265.1300048828125,276.82000732421875
2019-10-28,61.65081024169922,1777.0799560546875,189.39999389648438,1290.0,281.8599853515625
2019-10-29,60.224952697753906,1762.7099609375,189.30999755859375,1262.6199951171875,281.2099914550781
2019-10-30,60.217525482177734,1779.989990234375,188.25,1261.2900390625,291.45001220703125
2019-10-31,61.57902145385742,1776.6600341796875,191.64999389648438,1260.1099853515625,287.4100036621094
2019-11-01,63.326683044433594,1791.43994140625,193.6199951171875,1273.739990234375,286.80999755859375
2019-11-04,63.7425537109375,1804.6600341796875,194.72000122070312,1291.3699951171875,292.8599853515625
2019-11-05,63.650970458984375,1801.7099609375,194.32000732421875,1292.030029296875,288.0299987792969
2019-11-06,63.678192138671875,1795.77001953125,191.5500030517578,1291.800048828125,288.5899963378906
2019-11-07,64.41311645507812,1788.199951171875,190.4199981689453,1308.8599853515625,289.57000732421875
2019-11-08,64.58940887451172,1785.8800048828125,190.83999633789062,1311.3699951171875,291.57000732421875
2019-11-11,65.10087585449219,1771.6500244140625,189.61000061035156,1299.18994140625,294.17999267578125
2019-11-12,65.0412826538086,1778.0,194.47000122070312,1298.800048828125,292.010009765625
2019-11-13,65.66448974609375,1753.1099853515625,193.19000244140625,1298.0,283.1099853515625
2019-11-14,65.21012115478516,1754.5999755859375,193.14999389648438,1311.4599609375,289.6199951171875
2019-11-15,65.98477935791016,1739.489990234375,195.10000610351562,1334.8699951171875,295.0299987792969
2019-11-18,66.31748962402344,1752.530029296875,197.39999389648438,1320.699951171875,302.57000732421875
2019-11-19,66.11637115478516,1752.7900390625,199.32000732421875,1315.4599609375,302.6000061035156
2019-11-20,65.34668731689453,1745.530029296875,197.50999450683594,1303.050048828125,305.1600036621094
2019-11-21,65.05370330810547,1734.7099609375,197.92999267578125,1301.3499755859375,311.69000244140625
2019-11-22,64.99659729003906,1745.719970703125,198.82000732421875,1295.3399658203125,310.4800109863281
2019-11-25,66.13623046875,1773.8399658203125,199.7899932861328,1306.68994140625,315.54998779296875
2019-11-26,65.61978912353516,1796.93994140625,198.97000122070312,1313.550048828125,312.489990234375
2019-11-27,66.50121307373047,1818.510009765625,202.0,1312.989990234375,315.92999267578125
2019-11-29,66.35472869873047,1800.800048828125,201.63999938964844,1304.9599609375,314.6600036621094
2019-12-02,65.58751678466797,1781.5999755859375,199.6999969482422,1289.9200439453125,309.989990234375
2019-12-03,64.4180908203125,1769.9599609375,198.82000732421875,1295.280029296875,306.1600036621094
2019-12-04,64.98666381835938,1760.68994140625,198.7100067138672,1320.5400390625,304.32000732421875
2019-12-05,65.9400863647461,1740.47998046875,199.36000061035156,1328.1300048828125,302.8599853515625
2019-12-06,67.21379852294922,1751.5999755859375,201.0500030517578,1340.6199951171875,307.3500061035156
2019-12-09,66.27278900146484,1749.510009765625,201.33999633789062,1343.56005859375,302.5
2019-12-10,66.66012573242188,1739.2099609375,200.8699951171875,1344.6600341796875,293.1199951171875
2019-12-11,67.22869873046875,1748.719970703125,202.25999450683594,1345.02001953125,298.92999267578125
2019-12-12,67.40001678466797,1760.3299560546875,196.75,1350.27001953125,298.44000244140625
2019-12-13,68.31619262695312,1760.93994140625,194.11000061035156,1347.8299560546875,298.5
2019-12-16,69.4856185913086,1769.2099609375,197.9199981689453,1361.1700439453125,304.2099914550781
2019-12-17,69.6221923828125,1790.6600341796875,198.38999938964844,1355.1199951171875,315.4800109863281
2019-12-18,69.4558334350586,1784.030029296875,202.5,1352.6199951171875,320.79998779296875
2019-12-19,69.52535247802734,1792.280029296875,206.05999755859375,1356.0400390625,332.2200012207031
2019-12-20,69.38134765625,1786.5,206.3000030517578,1349.5899658203125,336.8999938964844
2019-12-23,70.51353454589844,1793.0,206.17999267578125,1348.8399658203125,333.1000061035156
2019-12-24,70.58056640625,1789.2099609375,205.1199951171875,1343.56005859375,333.20001220703125
2019-12-26,71.98091125488281,1868.77001953125,207.7899932861328,1360.4000244140625,332.6300048828125
2019-12-27,71.95359802246094,1869.800048828125,208.10000610351562,1351.8900146484375,329.0899963378906
2019-12-30,72.38065338134766,1846.8900146484375,204.41000366210938,1336.1400146484375,323.30999755859375
2019-12-31,72.90950012207031,1847.8399658203125,205.25,1337.02001953125,323.57000732421875
2020-01-02,74.57303619384766,1898.010009765625,209.77999877929688,1367.3699951171875,329.80999755859375
2020-01-03,73.84803009033203,1874.969970703125,208.6699981689453,1360.6600341796875,325.8999938964844
2020-01-06,74.43647003173828,1902.8800048828125,212.60000610351562,1394.2099609375,335.8299865722656
2020-01-07,74.08639526367188,1906.8599853515625,213.05999755859375,1393.3399658203125,330.75
2020-01-08,75.27816009521484,1891.969970703125,215.22000122070312,1404.3199462890625,339.260009765625
2020-01-09,76.87713623046875,1901.050048828125,218.3000030517578,1419.8299560546875,335.6600036621094
2020-01-10,77.0509262084961,1883.1600341796875,218.05999755859375,1429.72998046875,329.04998779296875
2020-01-13,78.69707489013672,1891.300048828125,221.91000366210938,1439.22998046875,338.9200134277344
2020-01-14,77.63440704345703,1869.43994140625,219.05999755859375,1430.8800048828125,338.69000244140625
2020-01-15,77.30170440673828,1862.02001953125,221.14999389648438,1439.199951171875,339.07000732421875
2020-01-16,78.27001953125,1877.93994140625,221.77000427246094,1451.699951171875,338.6199951171875
2020-01-17,79.13655090332031,1864.719970703125,222.13999938964844,1480.3900146484375,339.6700134277344
2020-01-21,78.60025024414062,1892.0,221.44000244140625,1484.4000244140625,338.1099853515625
2020-01-22,78.88082122802734,1887.4599609375,221.32000732421875,1485.949951171875,326.0
2020-01-23,79.26069641113281,1884.5799560546875,219.75999450683594,1486.6500244140625,349.6000061035156
2020-01-24,79.03226470947266,1861.6400146484375,217.94000244140625,1466.7099609375,353.1600036621094
2020-01-27,76.70829772949219,1828.3399658203125,214.8699951171875,1433.9000244140625,342.8800048828125
2020-01-28,78.87832641601562,1853.25,217.7899932861328,1452.56005859375,348.5199890136719
2020-01-29,80.52943420410156,1858.0,223.22999572753906,1458.6300048828125,343.1600036621094
2020-01-30,80.4127426147461,1870.6800537109375,209.52999877929688,1455.8399658203125,347.739990234375
2020-01-31,76.84734344482422,2008.719970703125,201.91000366210938,1434.22998046875,345.0899963378906
2020-02-03,76.63629913330078,2004.199951171875,204.19000244140625,1485.93994140625,358.0
2020-02-04,79.16633605957031,2049.669921875,209.8300018310547,1447.0699462890625,369.010009765625
2020-02-05,79.81189727783203,2039.8699951171875,210.11000061035156,1448.22998046875,369.6700134277344
2020-02-06,80.74544525146484,2050.22998046875,210.85000610351562,1476.22998046875,366.95001220703125
2020-02-07,79.64789581298828,2079.280029296875,212.3300018310547,1479.22998046875,366.7699890136719
2020-02-10,80.02619171142578,2133.909912109375,213.05999755859375,1508.6800537109375,371.07000732421875
2020-02-11,79.54336547851562,2150.800048828125,207.19000244140625,1508.7900390625,373.69000244140625
2020-02-12,81.4323501586914,2160.0,210.75999450683594,1518.27001953125,380.010009765625
2020-02-13,80.85246276855469,2149.8701171875,213.13999938964844,1514.6600341796875,381.3999938964844
2020-02-14,80.87237548828125,2134.8701171875,214.17999267578125,1520.739990234375,380.3999938964844
2020-02-18,79.39155578613281,2155.669921875,217.8000030517578,1519.6700439453125,387.7799987792969
2020-02-19,80.54136657714844,2170.219970703125,217.49000549316406,1526.68994140625,386.19000244140625
2020-02-20,79.715087890625,2153.10009765625,214.5800018310547,1518.1500244140625,386.0
2020-02-21,77.9107437133789,2095.969970703125,210.17999267578125,1485.1099853515625,380.07000732421875
2020-02-24,74.20994567871094,2009.2900390625,200.72000122070312,1421.5899658203125,368.70001220703125
2020-02-25,71.69629669189453,1972.739990234375,196.77000427246094,1388.449951171875,360.0899963378906
2020-02-26,72.83366394042969,1979.5899658203125,197.1999969482422,1393.1800537109375,379.239990234375
2020-02-27,68.07266235351562,1884.300048828125,189.75,1318.0899658203125,371.7099914550781
2020-02-28,68.0328369140625,1883.75,192.47000122070312,1339.3299560546875,369.0299987792969
2020-03-02,74.36673736572266,1953.949951171875,196.44000244140625,1389.1099853515625,381.04998779296875
2020-03-03,72.00491333007812,1908.989990234375,185.88999938964844,1341.3900146484375,368.7699890136719
2020-03-04,75.3448257446289,1975.8299560546875,191.75999450683594,1386.52001953125,383.7900085449219
2020-03-05,72.90086364746094,1924.030029296875,185.1699981689453,1319.0400390625,372.7799987792969
2020-03-06,71.9327392578125,1901.0899658203125,181.08999633789062,1298.4100341796875,368.9700012207031
2020-03-09,66.24342346191406,1800.6099853515625,169.5,1215.56005859375,346.489990234375
2020-03-10,71.0143814086914,1891.8199462890625,178.19000244140625,1280.3900146484375,364.1300048828125
2020-03-11,68.54801177978516,1820.8599853515625,170.24000549316406,1215.4100341796875,349.9200134277344
2020-03-12,61.77857971191406,1676.6099853515625,154.47000122070312,1114.9100341796875,315.25
2020-03-13,69.18016052246094,1785.0,170.27999877929688,1219.72998046875,336.29998779296875
2020-03-16,60.28034591674805,1689.1500244140625,146.00999450683594,1084.3299560546875,298.8399963378906
2020-03-17,62.930877685546875,1807.8399658203125,149.4199981689453,1119.800048828125,319.75
2020-03-18,61.39033126831055,1830.0,146.9600067138672,1096.800048828125,315.4700012207031
2020-03-19,60.919952392578125,1880.9300537109375,153.1300048828125,1115.2900390625,332.0299987792969
2020-03-20,57.05241775512695,1846.0899658203125,149.72999572753906,1072.3199462890625,332.8299865722656
2020-03-23,55.84038543701172,1902.8299560546875,148.10000610351562,1056.6199951171875,360.2699890136719
2020-03-24,61.442596435546875,1940.0999755859375,160.97999572753906,1134.4599609375,357.32000732421875
2020-03-25,61.104122161865234,1885.8399658203125,156.2100067138672,1102.489990234375,342.3900146484375
2020-03-26,64.31961059570312,1955.489990234375,163.33999633789062,1161.75,362.989990234375
2020-03-27,61.6566276550293,1900.0999755859375,156.7899932861328,1110.7099609375,357.1199951171875
2020-03-30,63.41618347167969,1963.949951171875,165.9499969482422,1146.8199462890625,370.9599914550781
2020-03-31,63.28676986694336,1949.719970703125,166.8000030517578,1162.81005859375,375.5
2020-04-01,59.95680618286133,1907.699951171875,159.60000610351562,1105.6199951171875,364.0799865722656
2020-04-02,60.9572868347168,1918.8299560546875,158.19000244140625,1120.8399658203125,370.0799865722656
2020-04-03,60.081241607666016,1906.5899658203125,154.17999267578125,1097.8800048828125,361.760009765625
2020-04-06,65.32257843017578,1997.5899658203125,165.5500030517578,1186.9200439453125,379.9599914550781
2020-04-07,64.56599426269531,2011.5999755859375,168.8300018310547,1186.510009765625,372.2799987792969
2020-04-08,66.21853637695312,2043.0,174.27999877929688,1210.280029296875,371.1199951171875
2020-04-09,66.69637298583984,2042.760009765625,175.19000244140625,1211.449951171875,370.7200012207031
2020-04-13,68.0054702758789,2168.8701171875,174.7899932861328,1217.56005859375,396.7200012207031
2020-04-14,71.43995666503906,2283.320068359375,178.1699981689453,1269.22998046875,413.54998779296875
2020-04-15,70.78790283203125,2307.679931640625,176.97000122070312,1262.469970703125,426.75
2020-04-16,71.3503646850586,2408.18994140625,176.25,1263.469970703125,439.1700134277344
2020-04-17,70.38223266601562,2375.0,179.24000549316406,1283.25,422.9599914550781
2020-04-20,68.92132568359375,2393.610107421875,178.24000549316406,1266.6099853515625,437.489990234375
2020-04-21,66.79094696044922,2328.1201171875,170.8000030517578,1216.3399658203125,433.8299865722656
2020-04-22,68.71475982666016,2363.489990234375,182.27999877929688,1263.2099609375,421.4200134277344
2020-04-23,68.4484634399414,2399.449951171875,185.1300048828125,1276.31005859375,426.70001220703125
2020-04-24,70.42454528808594,2410.219970703125,190.07000732421875,1279.31005859375,424.989990234375
2020-04-27,70.47431945800781,2376.0,187.5,1275.8800048828125,421.3800048828125
2020-04-28,69.33197021484375,2314.080078125,182.91000366210938,1233.6700439453125,403.8299865722656
2020-04-29,71.60919952392578,2372.7099609375,194.19000244140625,1341.47998046875,411.8900146484375
2020-04-30,73.119873046875,2474.0,204.7100067138672,1348.6600341796875,419.8500061035156
2020-05-01,71.94268798828125,2286.0400390625,202.27000427246094,1320.6099853515625,415.2699890136719
2020-05-04,72.9605941772461,2315.989990234375,205.25999450683594,1326.800048828125,428.1499938964844
2020-05-05,74.05564880371094,2317.800048828125,207.07000732421875,1351.1099853515625,424.67999267578125
2020-05-06,74.81969451904297,2351.260009765625,208.47000122070312,1347.300048828125,434.260009765625
2020-05-07,75.59369659423828,2367.610107421875,211.25999450683594,1372.56005859375,436.5299987792969
2020-05-08,77.39295959472656,2379.610107421875,212.35000610351562,1388.3699951171875,435.54998779296875
2020-05-11,78.61076354980469,2409.0,213.17999267578125,1403.260009765625,440.5199890136719
2020-05-12,77.71238708496094,2356.949951171875,210.10000610351562,1375.739990234375,431.82000732421875
2020-05-13,76.7740707397461,2367.919921875,205.10000610351562,1349.3299560546875,438.2699890136719
2020-05-14,77.2457275390625,2388.85009765625,206.80999755859375,1356.1300048828125,441.95001220703125
2020-05-15,76.78904724121094,2409.780029296875,210.8800048828125,1373.18994140625,454.19000244140625
2020-05-18,78.59828186035156,2426.260009765625,213.19000244140625,1383.93994140625,452.5799865722656
2020-05-19,78.14411163330078,2449.330078125,216.8800048828125,1373.4849853515625,451.0400085449219
2020-05-20,79.66387176513672,2497.93994140625,229.97000122070312,1406.719970703125,447.6700134277344
2020-05-21,79.06993865966797,2446.739990234375,231.38999938964844,1402.800048828125,436.25
2020-05-22,79.57902526855469,2436.8798828125,234.91000366210938,1410.4200439453125,429.32000732421875
2020-05-26,79.03999328613281,2421.860107421875,232.1999969482422,1417.02001953125,414.7699890136719
2020-05-27,79.38436889648438,2410.389892578125,229.13999938964844,1417.8399658203125,419.8900146484375
2020-05-28,79.41930389404297,2401.10009765625,225.4600067138672,1416.72998046875,413.44000244140625
2020-05-29,79.34194946289062,2442.3701171875,225.08999633789062,1428.9200439453125,419.7300109863281
2020-06-01,80.31768798828125,2471.0400390625,231.91000366210938,1431.8199462890625,425.9200134277344
2020-06-02,80.68951416015625,2472.409912109375,232.72000122070312,1439.219970703125,427.30999755859375
2020-06-03,81.13371276855469,2478.39990234375,230.16000366210938,1436.3800048828125,421.9700012207031
2020-06-04,80.43497467041016,2460.60009765625,226.2899932861328,1412.1800537109375,414.3299865722656
2020-06-05,82.72584533691406,2483.0,230.77000427246094,1438.3900146484375,419.6000061035156
2020-06-08,83.21495819091797,2524.06005859375,231.39999389648438,1446.6099853515625,419.489990234375
2020-06-09,85.84272003173828,2600.860107421875,238.6699981689453,1456.1600341796875,434.04998779296875
2020-06-10,88.05123901367188,2647.449951171875,236.72999572753906,1465.8499755859375,434.4800109863281
2020-06-11,83.82386016845703,2557.9599609375,224.42999267578125,1403.8399658203125,425.55999755859375
2020-06-12,84.54755401611328,2545.02001953125,228.5800018310547,1413.1800537109375,418.07000732421875
2020-06-15,85.59317016601562,2572.679931640625,232.5,1419.8499755859375,425.5
2020-06-16,87.86157989501953,2615.27001953125,235.64999389648438,1442.719970703125,436.1300048828125
2020-06-17,87.73930358886719,2640.97998046875,235.52999877929688,1451.1199951171875,447.7699890136719
2020-06-18,87.77424621582031,2653.97998046875,235.94000244140625,1435.9599609375,449.8699951171875
2020-06-19,87.27264404296875,2675.010009765625,238.7899932861328,1431.719970703125,453.7200012207031
2020-06-22,89.5560302734375,2713.820068359375,239.22000122070312,1451.8599853515625,468.0400085449219
2020-06-23,91.46758270263672,2764.409912109375,242.24000549316406,1464.4100341796875,466.260009765625
2020-06-24,89.85299682617188,2734.39990234375,234.02000427246094,1431.969970703125,457.8500061035156
2020-06-25,91.04584503173828,2754.580078125,235.67999267578125,1441.3299560546875,465.9100036621094
2020-06-26,88.2483901977539,2692.8701171875,216.0800018310547,1359.9000244140625,443.3999938964844
2020-06-29,90.28221893310547,2680.3798828125,220.63999938964844,1394.969970703125,447.239990234375
2020-06-30,91.03585815429688,2758.820068359375,227.07000732421875,1413.6099853515625,455.0400085449219
2020-07-01,90.8636703491211,2878.699951171875,237.5500030517578,1438.0400390625,485.6400146484375
2020-07-02,90.8636703491211,2890.300048828125,233.4199981689453,1464.699951171875,476.8900146484375
2020-07-06,93.2942886352539,3057.0400390625,240.27999877929688,1495.699951171875,493.80999755859375
2020-07-07,93.00481414794922,3000.1201171875,240.86000061035156,1485.1800537109375,493.1600036621094
2020-07-08,95.17090606689453,3081.110107421875,243.5800018310547,1496.0,502.7799987792969
2020-07-09,95.58016967773438,3182.6298828125,244.5,1510.989990234375,507.760009765625
2020-07-10,95.74736785888672,3200.0,245.07000732421875,1541.739990234375,548.72998046875
2020-07-13,95.3056640625,3104.0,239.0,1511.3399658203125,525.5
2020-07-14,96.88282012939453,3084.0,239.72999572753906,1520.5799560546875,524.8800048828125
2020-07-15,97.54911804199219,3008.8701171875,240.27999877929688,1513.6400146484375,523.260009765625
2020-07-16,96.3487777709961,2999.89990234375,240.92999267578125,1518.0,527.3900146484375
2020-07-17,96.15412902832031,2961.969970703125,242.02999877929688,1515.550048828125,492.989990234375
2020-07-20,98.18048095703125,3196.840087890625,245.4199981689453,1565.719970703125,502.4100036621094
2020-07-21,96.82542419433594,3138.2900390625,241.75,1558.4200439453125,490.1000061035156
2020-07-22,97.0974349975586,3099.909912109375,239.8699951171875,1568.489990234375,489.82000732421875
2020-07-23,92.67790222167969,2986.550048828125,232.60000610351562,1515.6800537109375,477.5799865722656
2020-07-24,92.44831085205078,3008.909912109375,230.7100067138672,1511.8699951171875,480.45001220703125
2020-07-27,94.63935852050781,3055.2099609375,233.5,1530.199951171875,495.6499938964844
2020-07-28,93.08467102050781,3000.330078125,230.1199951171875,1500.3399658203125,488.510009765625
2020-07-29,94.86894989013672,3033.530029296875,233.2899932861328,1522.02001953125,484.4800109863281
2020-07-30,96.01688385009766,3051.8798828125,234.5,1531.449951171875,485.79998779296875
2020-07-31,106.06875610351562,3164.679931640625,253.6699981689453,1482.9599609375,488.8800048828125
2020-08-03,108.74143981933594,3111.889892578125,251.9600067138672,1474.449951171875,498.6199951171875
2020-08-04,109.4676284790039,3138.830078125,249.8300018310547,1464.969970703125,509.6400146484375
2020-08-05,109.86441040039062,3205.030029296875,249.1199951171875,1473.6099853515625,502.1099853515625
2020-08-06,113.69750213623047,3225.0,265.2799987792969,1500.0999755859375,509.0799865722656
2020-08-07,111.11250305175781,3167.4599609375,268.44000244140625,1494.489990234375,494.7300109863281
2020-08-10,112.72750091552734,3148.159912109375,263.0,1496.0999755859375,483.3800048828125
2020-08-11,109.375,3080.669921875,256.1300048828125,1480.3199462890625,466.92999267578125
2020-08-12,113.01000213623047,3162.239990234375,259.8900146484375,1506.6199951171875,475.4700012207031
2020-08-13,115.01000213623047,3161.02001953125,261.29998779296875,1518.449951171875,481.3299865722656
2020-08-14,114.90750122070312,3148.02001953125,261.239990234375,1507.72998046875,482.67999267578125
2020-08-17,114.60749816894531,3182.409912109375,261.1600036621094,1517.97998046875,482.3500061035156
2020-08-18,115.5625,3312.489990234375,262.3399963378906,1558.5999755859375,491.8699951171875
2020-08-19,115.7074966430664,3260.47998046875,262.5899963378906,1547.530029296875,484.5299987792969
2020-08-20,118.2750015258789,3297.3701171875,269.010009765625,1581.75,497.8999938964844
2020-08-21,124.37000274658203,3284.719970703125,267.010009765625,1580.4200439453125,492.30999755859375
2020-08-24,125.85749816894531,3307.4599609375,271.3900146484375,1588.199951171875,488.80999755859375
2020-08-25,124.82499694824219,3346.489990234375,280.82000732421875,1608.219970703125,490.5799865722656
2020-08-26,126.52249908447266,3441.85009765625,303.9100036621094,1652.3800048828125,547.530029296875
2020-08-27,125.01000213623047,3400.0,293.2200012207031,1634.3299560546875,526.27001953125
2020-08-28,124.80750274658203,3401.800048828125,293.6600036621094,1644.4100341796875,523.8900146484375
2020-08-31,129.0399932861328,3450.9599609375,293.20001220703125,1634.1800537109375,529.5599975585938
2020-09-01,134.17999267578125,3499.1201171875,295.44000244140625,1660.7099609375,556.5499877929688
2020-09-02,131.39999389648438,3531.449951171875,302.5,1728.280029296875,552.8400268554688
2020-09-03,120.87999725341797,3368.0,291.1199951171875,1641.8399658203125,525.75
2020-09-04,120.95999908447266,3294.6201171875,282.7300109863281,1591.0400390625,516.0499877929688
2020-09-08,112.81999969482422,3149.840087890625,271.1600036621094,1532.3900146484375,507.0199890136719
2020-09-09,117.31999969482422,3268.610107421875,273.7200012207031,1556.9599609375,500.19000244140625
2020-09-10,113.48999786376953,3175.110107421875,268.0899963378906,1532.02001953125,480.6700134277344
2020-09-11,112.0,3116.219970703125,266.6099853515625,1520.719970703125,482.0299987792969
2020-09-14,115.36000061035156,3102.969970703125,266.1499938964844,1519.280029296875,476.260009765625
2020-09-15,115.54000091552734,3156.1298828125,272.4200134277344,1541.43994140625,495.989990234375
2020-09-16,112.12999725341797,3078.10009765625,263.5199890136719,1520.9000244140625,483.8599853515625
2020-09-17,110.33999633789062,3008.72998046875,254.82000732421875,1495.530029296875,470.20001220703125
2020-09-18,106.83999633789062,2954.909912109375,252.52999877929688,1459.989990234375,469.9599914550781
2020-09-21,110.08000183105469,2960.469970703125,248.14999389648438,1431.1600341796875,487.3500061035156
2020-09-22,111.80999755859375,3128.989990234375,254.75,1465.4599609375,491.1700134277344
2020-09-23,107.12000274658203,2999.860107421875,249.02000427246094,1415.2099609375,470.6099853515625
2020-09-24,108.22000122070312,3019.7900390625,249.52999877929688,1428.2900390625,473.0799865722656
2020-09-25,112.27999877929688,3095.1298828125,254.82000732421875,1444.9599609375,482.8800048828125
2020-09-28,114.95999908447266,3174.050048828125,256.82000732421875,1464.52001953125,490.6499938964844
2020-09-29,114.08999633789062,3144.8798828125,261.7900085449219,1469.3299560546875,493.4800109863281
